Joan,O'Connell,Haley16@yahoo.com,8476 Effertz Junction,44485,Cocos (Keeling) Islands,0
Bill,Kutch,Ismael59@gmail.com,10270 Streich Prairie,33090-2360,Bangladesh,1
Chyna,Watsica,Monroe54@yahoo.com,94514 Hettie Wells,77261-5952,Timor-Leste,2
Dandre,Marquardt,Nikita.Bailey@yahoo.com,462 Reilly Overpass,34574-8382,Sierra Leone,3
Claudia,Homenick,Edd_Bashirian81@gmail.com,180 Ed Well,51115,Pitcairn Islands,4
Daisha,Hessel,Keara.Prosacco@hotmail.com,317 Frederick Ford,70966,Jersey,5
Etha,Runolfsson,Andy10@yahoo.com,771 Kerluke Parkways,50866,Gambia,6
Margot,Smith,Brett_Hoppe@hotmail.com,1426 Considine Union,94048-6804,Malawi,7
Kelli,Conroy,Marianna50@yahoo.com,012 Eulalia Circles,65534-7716,Burkina Faso,8
Natasha,O'Keefe,Victoria.Predovic39@yahoo.com,607 Rath Rue,24263-6102,Benin,9
Bradly,Crona,Elise71@gmail.com,1952 Asia Pines,85959,San Marino,10
Meredith,Stehr,Mauricio44@yahoo.com,23111 Barrows Gateway,84127,New Caledonia,11
Desmond,Krajcik,Garrick90@yahoo.com,411 Friesen Crossroad,84488-8310,Mongolia,12
Hershel,Oberbrunner,Kaelyn47@gmail.com,981 Schmeler Junction,04180,Myanmar,13
Lavada,Hyatt,Albin53@hotmail.com,72255 Isabelle Road,36311,Sierra Leone,14
Mollie,Murazik,Elian_Boyle49@gmail.com,511 Durward Station,86526-6137,Martinique,15
Willy,Watsica,Milo79@yahoo.com,655 Irma Loaf,84098,Djibouti,16
Edna,Yundt,Hayley_Sipes83@hotmail.com,10808 Megane Shores,89423,Switzerland,17
Marta,Blick,Rachel89@hotmail.com,668 Meaghan View,42438,Palestinian Territory,18
Pearlie,Toy,Dayne.Klocko@hotmail.com,44517 Frank Trafficway,60237,Burundi,19
Melba,Dach,Tristin63@gmail.com,053 Wiza Forest,10657-7173,Tokelau,20
Gerald,Runolfsdottir,Nicholaus.Wolff@hotmail.com,674 Walker Manor,11328,Norfolk Island,21
Yesenia,Cronin,Danny.Thiel@gmail.com,76361 Bartell Circles,95958,South Georgia and the South Sandwich Islands,22
Abdiel,Brekke,Jordane.Pollich@hotmail.com,7803 Bashirian Radial,94407-8778,Algeria,23
Giovani,Medhurst,Jazmyn_Crist@gmail.com,56451 Blick Hills,31862-2069,Chile,24
Ardella,Leuschke,Luz_Will@gmail.com,630 Kiehn Mission,38248-8826,Syrian Arab Republic,25
Imani,Beer,Brandi63@yahoo.com,3834 Dortha Knoll,88451,French Guiana,26
Summer,Skiles,Keaton_Koelpin67@gmail.com,3222 Yundt Pines,83392-7482,Turkmenistan,27
Madelyn,Kihn,Aliya.Pacocha@hotmail.com,89387 Roberts Manor,27819-5091,Zambia,28
Viola,MacGyver,Hildegard.Jaskolski@hotmail.com,7566 Mikel Motorway,63907-6039,Bouvet Island (Bouvetoya),29
Adrienne,Effertz,Dylan_Olson35@yahoo.com,157 Brakus Summit,65997,Austria,30
Andreane,Roob,Dasia56@gmail.com,465 Conn Lodge,34642-8741,Indonesia,31
Audreanne,Thompson,Randall_Boyer@yahoo.com,05354 Mara Ville,10901-1333,Angola,32
Austin,Homenick,Bobbie_Wilderman@hotmail.com,37761 Bosco Grove,51825-8830,Brazil,33
Matt,Dach,Ricardo90@gmail.com,0610 Fred Flat,05486,Lao People's Democratic Republic,34
Lillian,McLaughlin,Cordell_Hodkiewicz@gmail.com,175 Jones Plain,81911-2565,Sudan,35
Rebeka,McKenzie,Flossie_Gusikowski@hotmail.com,031 Brant Stravenue,81377,Isle of Man,36
Jacinto,Gibson,Karianne.Ondricka16@yahoo.com,2862 Deonte Island,94847-4147,Tonga,37
Cleta,Kiehn,Donnell_Langworth60@yahoo.com,56691 Turcotte Divide,87627-4189,Denmark,38
Kaitlyn,Mayert,Cade.Breitenberg48@hotmail.com,755 Jess Ports,07245-0597,Trinidad and Tobago,39
Destiny,Hartmann,Avis42@yahoo.com,33549 Johns Glens,39496,Rwanda,40
Keegan,Kunde,Brain_Boehm29@gmail.com,72986 Alec Spring,33877,Republic of Korea,41
Enrique,Mueller,Harold_Bergnaum48@gmail.com,405 Winston Mission,27382,Jersey,42
Eldred,Nitzsche,Antonietta27@gmail.com,10987 Schoen Keys,76674-8283,Cape Verde,43
Cristal,Gislason,Terrance_Spencer96@gmail.com,45421 Dickens Terrace,56806,Cambodia,44
Verner,Botsford,Geovanny84@hotmail.com,622 Kautzer Village,64701,Malaysia,45
Estelle,Effertz,Marley.Luettgen@yahoo.com,129 Summer Burgs,89581-8199,Afghanistan,46
Bailee,Smitham,Kamryn.Satterfield66@yahoo.com,8833 Porter Spring,57466-1209,Myanmar,47
Tyrel,Cummings,Telly53@yahoo.com,9216 Kunde Shore,59621,Bhutan,48
Douglas,Murphy,Gladyce73@hotmail.com,717 O'Reilly Rapids,39227-2838,Vanuatu,49
Wilfred,Welch,Chauncey53@hotmail.com,65510 Bartell Port,12475,Timor-Leste,50
Filomena,Jaskolski,Lionel33@hotmail.com,627 Stamm Walk,66463-1910,Tokelau,51
Winfield,Daniel,Jada.Rath31@yahoo.com,3055 Schiller Way,82560-1527,Malaysia,52
Kaleigh,Dietrich,Giovanny32@yahoo.com,15391 Gleichner Islands,47893,Jersey,53
Sven,Cassin,Antwan_Wilkinson@yahoo.com,854 Cade Street,08186-3998,Wallis and Futuna,54
Owen,Larkin,Fletcher5@hotmail.com,20815 Fritsch Extensions,71627,Guyana,55
Brannon,Frami,Reina_Ernser@yahoo.com,652 Jennifer Route,59362-8513,Switzerland,56
Reyna,Tromp,Foster62@hotmail.com,487 Claud Shores,15884,Serbia,57
Lincoln,Kling,Elmo_Kunze@gmail.com,30428 Jones Forges,94730-8025,Gambia,58
Perry,Koepp,Reinhold.Borer96@hotmail.com,4159 Isom Trail,13810-2063,Ghana,59
Lura,Hodkiewicz,Arianna14@hotmail.com,243 Barrows Fork,74488-4813,Sri Lanka,60
Cullen,Veum,Marion_Kshlerin29@yahoo.com,0792 Meta Radial,22471,Cuba,61
Andy,Flatley,Dorcas.Daugherty@yahoo.com,264 Pagac Lake,26374,Taiwan,62
Darren,Torphy,Norberto_Daugherty83@yahoo.com,493 Senger Oval,66528-7797,Tunisia,63
Helga,Metz,Melissa49@hotmail.com,7722 Arch Parkways,06576,Congo,64
Dallas,Weissnat,Camden_Weimann@gmail.com,8505 Tony Forks,27909-8617,San Marino,65
Frederic,O'Reilly,Esta.OConner@hotmail.com,9290 Abernathy Drive,84161-4604,Guam,66
Shanelle,Bashirian,Antoinette_Langworth46@gmail.com,0759 Jacques Trace,93583,Czech Republic,67
Jasper,Dare,Marie87@yahoo.com,67883 Keeling Valleys,01749,Niue,68
Darryl,Nienow,Sydni.DuBuque@hotmail.com,128 Labadie Gardens,93051-7453,Nauru,69
Simeon,Schamberger,Eleazar.OHara@hotmail.com,9782 Kirlin Fields,74353,Tunisia,70
Danielle,Fritsch,Fernando68@gmail.com,7826 Ernser Greens,65421-1195,Samoa,71
Alphonso,Grant,Myrna_Harber@hotmail.com,08107 Horacio Vista,42584-8972,Nepal,72
Cleora,Dach,Camron_Osinski86@gmail.com,703 Earnest Skyway,20413,Cyprus,73
Toni,Sporer,Justus.Glover33@hotmail.com,297 Wunsch Key,09573-6183,Wallis and Futuna,74
Birdie,Funk,Arne.Kuhlman34@hotmail.com,36875 Billy Coves,94883,Iran,75
Zakary,Wilkinson,Burnice_Ruecker@hotmail.com,013 Lenore Ramp,65669,Bermuda,76
Ian,Littel,Jessy_Dickinson77@gmail.com,908 Rebecca Lodge,97750-5898,Kenya,77
Alexandria,Murphy,Monserrate3@yahoo.com,8517 Hoppe Row,75109,Paraguay,78
Jaunita,Herman,Henry.Moen55@gmail.com,33318 Ervin Canyon,11266,Tanzania,79
Raphaelle,Renner,Thurman_Lebsack@hotmail.com,92154 Susie Station,68145-6499,Macedonia,80
Halie,Leffler,Geo_Shields@gmail.com,4983 Alivia Mall,99932,Brazil,81
Keagan,Lesch,Jack.Purdy@hotmail.com,26672 Alessandra Courts,31702-3756,Australia,82
Estelle,Sipes,Merritt.Skiles35@yahoo.com,55774 Nannie Lodge,17738-4475,Guatemala,83
Joshuah,Kuhn,Will36@gmail.com,1135 Stehr Branch,72204,Uganda,84
Jeremy,Heathcote,Theo.Beahan@yahoo.com,74715 Champlin Ports,45724,Niue,85
Maryse,Harris,Yadira_Bechtelar@gmail.com,14918 Gerlach Plains,64321-5787,Morocco,86
Nona,Jaskolski,Leilani_Kunze@gmail.com,778 Rempel Streets,22975-8931,Colombia,87
Kirk,Jacobi,Leora.Gusikowski78@hotmail.com,090 Denesik Club,02241-7567,Iran,88
Lemuel,Stanton,Berniece_Harber92@gmail.com,7760 Wehner Causeway,19935-7245,Turks and Caicos Islands,89
Markus,Marvin,Casandra.Pouros@hotmail.com,0283 Susie Glens,03584,Philippines,90
Madelyn,Schroeder,Marjorie61@yahoo.com,59323 Laurianne Summit,65050-5524,Yemen,91
Christopher,Ryan,Myra_Armstrong82@yahoo.com,2018 VonRueden Coves,49227-4357,Vietnam,92
Kariane,Swift,Guy_Bernhard26@gmail.com,3333 Bethel Valley,27642-5131,Moldova,93
Karli,Frami,Gloria.Swaniawski@hotmail.com,659 Jacobs Wall,35275,Dominica,94
Ahmed,Weissnat,Adaline.Schroeder19@hotmail.com,53226 Gusikowski Haven,49576-4849,China,95
Palma,Wehner,Blanche_Bogisich61@hotmail.com,77456 Danika Freeway,28023-7273,Bermuda,96
Citlalli,Sanford,Esperanza_Emard66@hotmail.com,9316 Herta Passage,23273,Macedonia,97
Ali,Pfannerstill,Eric_Kovacek@gmail.com,0167 Jacobi Harbors,31298,France,98
Roosevelt,Adams,Winston.Mayer@hotmail.com,01106 Purdy Harbors,55044-7964,Montserrat,99
Nya,Krajcik,May_Gleichner@yahoo.com,68749 Anthony Landing,45556-3321,United States Minor Outlying Islands,100
Aylin,Beatty,Bridie59@gmail.com,492 Sanford Shoals,38229,Belgium,101
Arden,Rohan,Jannie.Mueller@hotmail.com,00042 Zieme Centers,89616-3696,Mauritania,102
Darwin,Konopelski,Aiden.Lindgren98@yahoo.com,176 Trantow Radial,81844,Guinea-Bissau,103
Frank,Wilderman,Ross29@hotmail.com,5386 Doyle Passage,19139,Micronesia,104
Hazle,Douglas,Misty_Hirthe23@hotmail.com,99668 Monty Falls,63162,Macao,105
Wilfred,Friesen,Rogers.Miller@gmail.com,484 Hilpert Loop,97096-0044,Guernsey,106
Makayla,Welch,Peggie_Beier76@gmail.com,48560 Stefan Expressway,83146,Eritrea,107
Chance,Glover,Mauricio52@gmail.com,41728 Thiel Dale,77749-3375,Cocos (Keeling) Islands,108
Aletha,Pacocha,Jermain.Ullrich66@gmail.com,44922 Leda Island,68835,Lesotho,109
Lavinia,Frami,Cloyd_Koss5@gmail.com,95652 Cummerata Square,00673,Solomon Islands,110
Oran,Christiansen,Jefferey_Block76@yahoo.com,9900 Cordie Harbor,70579,Kazakhstan,111
Dave,Reilly,Bettye_Lowe84@hotmail.com,32457 Ziemann Common,81392-9376,Guadeloupe,112
Norwood,Padberg,Murl_Waelchi86@yahoo.com,269 Ziemann Station,15488,American Samoa,113
Jerrod,West,Roscoe47@gmail.com,30074 Willow Crest,00122-8464,Sudan,114
Henriette,Gleason,Rosario63@gmail.com,7498 Yundt Spring,69730,Serbia,115
Myrl,Bernier,Shanie_Cartwright19@yahoo.com,36694 Moises Square,91779-2517,Pakistan,116
Wilmer,Nader,Cecelia73@gmail.com,068 Quinn Turnpike,37308,Malta,117
Damon,Haag,Arjun.Mante@gmail.com,242 Raheem Divide,26019-3226,Germany,118
Laverne,Runte,Dennis_Bartell@gmail.com,8966 Roob Trail,00072,Oman,119
Gage,Jones,Coralie66@yahoo.com,3759 Vicenta Fords,41313,Kiribati,120
Marcellus,Nolan,Jedediah_Botsford51@hotmail.com,1047 Wuckert Mount,78169,Palestinian Territory,121
Kellie,Ziemann,Angeline83@yahoo.com,20728 Deckow Village,75000-8723,Turkey,122
Wilbert,Weber,Luz_Rosenbaum50@hotmail.com,825 Bartell Village,71805-7144,Comoros,123
Geovany,Koepp,Arden1@gmail.com,766 Effie Island,30694-7072,Sweden,124
Orlando,Swaniawski,Donny34@hotmail.com,23529 VonRueden Lodge,48684,Mauritius,125
Nicolette,Funk,Harvey3@gmail.com,728 Caden Street,15455-4565,Panama,126
Katlyn,Kutch,Percival.Cartwright@gmail.com,73103 Vita Meadows,03374-7894,Cyprus,127
Nelle,Mante,Willis.Senger54@hotmail.com,75807 Hahn Stravenue,30961,Dominican Republic,128
Eloise,Mitchell,Ida5@yahoo.com,56952 Gay Ports,85248-8447,British Indian Ocean Territory (Chagos Archipelago),129
Weldon,Marvin,Angel_Wilkinson@hotmail.com,701 Morissette Ridge,94008,Micronesia,130
Keeley,Pagac,Elinore_Fay26@gmail.com,0772 Kuphal Mill,80879-5523,Chad,131
Mikayla,Mertz,Efrain.Dietrich@gmail.com,5262 Rolando Estate,37159,Malaysia,132
Jackie,Larson,Broderick.Gerlach77@yahoo.com,469 Stanton Crest,39520,Heard Island and McDonald Islands,133
Rafael,Schoen,Jamar31@gmail.com,978 Filomena Plain,23132,Timor-Leste,134
Harry,Bednar,Jessyca_Moore61@yahoo.com,519 Jayda Junctions,04498,Ethiopia,135
Jacquelyn,Jacobs,Alanna.Ondricka@yahoo.com,79650 Nicolas View,66126,Christmas Island,136
Rashawn,Ziemann,Juwan.Swift@yahoo.com,873 Josefa Summit,71222-7297,French Guiana,137
Rosalia,Kirlin,Margot39@gmail.com,290 Trystan Lakes,28848-4717,Norfolk Island,138
Evans,Dare,Brandt47@gmail.com,6264 Murray Common,34133,Tokelau,139
Landen,Baumbach,Aaron_Mante72@gmail.com,1072 Von Light,50675-4962,Tajikistan,140
Eveline,Hartmann,Tamia_Weimann@yahoo.com,126 Reichel Gateway,13087,Bangladesh,141
Jarod,Koss,Velma55@hotmail.com,6763 Pouros Manor,42162,Puerto Rico,142
Yasmin,Orn,Lizeth_Hegmann42@gmail.com,367 Gay Ville,70180,Papua New Guinea,143
Garry,Muller,Felton6@hotmail.com,321 Mueller Summit,88669-0163,Brazil,144
David,Casper,Abbigail.Lemke28@gmail.com,699 Gaylord Court,54183-7492,Kyrgyz Republic,145
Odie,Bauch,Ibrahim_Stokes64@yahoo.com,937 Lesley Forest,60881,Nepal,146
Jaron,Toy,Margarett_Jenkins@yahoo.com,383 Noble Fall,36245-1726,Palau,147
Helene,Jerde,Lia41@gmail.com,16188 Schimmel Park,77597-5664,Yemen,148
Jaquelin,Towne,Bradly.Strosin@yahoo.com,70320 Wunsch Islands,78868-7315,Uganda,149